<?xml version="1.0" encoding="utf-8" standalone="no"?>
<CProIntegrity>
	<catalog name="[DiskHash]">		<entry name="._tls_proxy.jar">
			<Algid>00008021</Algid>
			<Path>./tls_proxy.jar</Path>
			<Tag>27C3127F972F08D0D8A1A9626C0223FA670647DE1F625DB6FECC2BAB887BA1CC</Tag>
		</entry>
		<entry name="._setup_console.bat">
			<Algid>00008021</Algid>
			<Path>./setup_console.bat</Path>
			<Tag>8D77A94FDE0C8C3C0C6FB3573090475FEF045B84C3D8835C778D57F36B64F10D</Tag>
		</entry>
		<entry name="._XMLDSigRI.jar">
			<Algid>00008021</Algid>
			<Path>./XMLDSigRI.jar</Path>
			<Tag>7BA3B173AB31E2A58C9AEF4D35A30E87492A21A6490A7BA1833B2DE5BFAC5238</Tag>
		</entry>
		<entry name="._samples.jar">
			<Algid>00008021</Algid>
			<Path>./samples.jar</Path>
			<Tag>EE38F21BEBAFB408E9C81FBB17E2DC374E2B8157D2AA83D63B3DDA3CE514E11D</Tag>
		</entry>
		<entry name="._Oscar.jar">
			<Algid>00008021</Algid>
			<Path>./Oscar.jar</Path>
			<Tag>194A086BD4D4BD2F39C6CB46C27D15236C2783EF53CF86AE732C07239F4FF8C3</Tag>
		</entry>
		<entry name="._setup.exe">
			<Algid>00008021</Algid>
			<Path>./setup.exe</Path>
			<Tag>9701594AC9ACB24F86BEF152497DB83EB80C61F8E5643FBDE23B9AD06AAC34C9</Tag>
		</entry>
		<entry name="._javadoc_JCPinst-javadoc.jar">
			<Algid>00008021</Algid>
			<Path>./javadoc/JCPinst-javadoc.jar</Path>
			<Tag>A6E5474340FA8DBB2C31D2F90BC823670B03C4476B0784C8E0AF8CEFAD271E09</Tag>
		</entry>
		<entry name="._javadoc_JCryptoP-javadoc.jar">
			<Algid>00008021</Algid>
			<Path>./javadoc/JCryptoP-javadoc.jar</Path>
			<Tag>F2FD5FBAB3E219F7D58E0915EED976A5709D33EEC8F8DCA8AD39F83B83225D29</Tag>
		</entry>
		<entry name="._javadoc_XAdES-javadoc.jar">
			<Algid>00008021</Algid>
			<Path>./javadoc/XAdES-javadoc.jar</Path>
			<Tag>05E14E5AD471BE5F45FDAB477B16FEC37A72DA2EF37DC6E064A6CA384E4A552D</Tag>
		</entry>
		<entry name="._javadoc_JCPxml-javadoc.jar">
			<Algid>00008021</Algid>
			<Path>./javadoc/JCPxml-javadoc.jar</Path>
			<Tag>9281CE8A8E3C7E814ABC3149D7D22C10030320124DD1ED829D5F7D7881363F4E</Tag>
		</entry>
		<entry name="._javadoc_cpSSL-javadoc.jar">
			<Algid>00008021</Algid>
			<Path>./javadoc/cpSSL-javadoc.jar</Path>
			<Tag>187C6A840C953087DE4A66F5F153A9BF82C9660B39AD204A34AA8CE63A8C13E5</Tag>
		</entry>
		<entry name="._javadoc_XMLDSigRI-javadoc.jar">
			<Algid>00008021</Algid>
			<Path>./javadoc/XMLDSigRI-javadoc.jar</Path>
			<Tag>D2DFB4044C3231E0711DB78FBFB0351E41D099221991D9A5607B9F724068335D</Tag>
		</entry>
		<entry name="._javadoc_Oscar-javadoc.jar">
			<Algid>00008021</Algid>
			<Path>./javadoc/Oscar-javadoc.jar</Path>
			<Tag>73E2D362EFF23F0B67ACC9A8CA1FB4BBFE388EF84FA1808F42D867FD57CE15CF</Tag>
		</entry>
		<entry name="._javadoc_CAdES-javadoc.jar">
			<Algid>00008021</Algid>
			<Path>./javadoc/CAdES-javadoc.jar</Path>
			<Tag>BC85CFA5BDC5B66267E881BFED1F071C1B8ABA2478A3DF4A2FEA569D9DDFD6EE</Tag>
		</entry>
		<entry name="._javadoc_J6CF-javadoc.jar">
			<Algid>00008021</Algid>
			<Path>./javadoc/J6CF-javadoc.jar</Path>
			<Tag>32B601647835A3A2CA2287AC25DFC87E6756BC1DE3784C491A41181C2A26CDBF</Tag>
		</entry>
		<entry name="._javadoc_JCPRequest-javadoc.jar">
			<Algid>00008021</Algid>
			<Path>./javadoc/JCPRequest-javadoc.jar</Path>
			<Tag>5C2F6B1C0EB031BADDD73036ABEF519B9C9BF67B16352BA864B5CAA75323B811</Tag>
		</entry>
		<entry name="._javadoc_OCF-javadoc.jar">
			<Algid>00008021</Algid>
			<Path>./javadoc/OCF-javadoc.jar</Path>
			<Tag>9FE0757620CAE2448931420F13E956AC7D9FB861E6A2B976E6333D6B1DB054BB</Tag>
		</entry>
		<entry name="._javadoc_JCP-javadoc.jar">
			<Algid>00008021</Algid>
			<Path>./javadoc/JCP-javadoc.jar</Path>
			<Tag>DD5F665D8FA76A22A0856AF23F3FDE5B03E58B5A2749DBAF9363857A646E1C7F</Tag>
		</entry>
		<entry name="._javadoc_J6Oscar-javadoc.jar">
			<Algid>00008021</Algid>
			<Path>./javadoc/J6Oscar-javadoc.jar</Path>
			<Tag>9A0C76F1A3DFD5959C65060A78D8C9E1D45A735AF36EE1C99832B6F43A24AFB1</Tag>
		</entry>
		<entry name="._AdES-core.jar">
			<Algid>00008021</Algid>
			<Path>./AdES-core.jar</Path>
			<Tag>8D044FD9BC4D30BB1E92F0ADBEF7571466B75A8695171AA1656CFA3902D6BC17</Tag>
		</entry>
		<entry name="._JCP.jar">
			<Algid>00008021</Algid>
			<Path>./JCP.jar</Path>
			<Tag>AD584183468E4F157BC3CFBEF2BED92C0C50ABA96B2EDFDE3B9CE17BD0D7F6B2</Tag>
		</entry>
		<entry name="._J6CF.jar">
			<Algid>00008021</Algid>
			<Path>./J6CF.jar</Path>
			<Tag>C07F43832FC6D686DD92A824E9435EA7D63DFF5F5D585362517CB2E991D500A0</Tag>
		</entry>
		<entry name="._JCPinst.jar">
			<Algid>00008021</Algid>
			<Path>./JCPinst.jar</Path>
			<Tag>C936A8066698AE2DBD648E5B8DB59189D7C10F695CEAA5E5E26461A29B8E77D0</Tag>
		</entry>
		<entry name="._cpSSL.jar">
			<Algid>00008021</Algid>
			<Path>./cpSSL.jar</Path>
			<Tag>EA2FBE1DD6635D9B7760FFC4DBC13A7D8ECD5764BCD6FCFF1A994FA823AC78CA</Tag>
		</entry>
		<entry name="._samples-sources.jar">
			<Algid>00008021</Algid>
			<Path>./samples-sources.jar</Path>
			<Tag>711DC1221428A8307993A5C2348030C82262ECC3B1F30D613D219D553CFFC8D3</Tag>
		</entry>
		<entry name="._JCPinstGUI.jar">
			<Algid>00008021</Algid>
			<Path>./JCPinstGUI.jar</Path>
			<Tag>B824E6269F6FA5CD1F65685F8871C7E2A6C9F4B1A7C747586E2E8D4A9227E474</Tag>
		</entry>
		<entry name="._OCF.jar">
			<Algid>00008021</Algid>
			<Path>./OCF.jar</Path>
			<Tag>232D1318270BEA1DAA4D11122AABA8FDF4399CC4532B4A51ACC00F69AB50A956</Tag>
		</entry>
		<entry name="._JCPRevTools.jar">
			<Algid>00008021</Algid>
			<Path>./JCPRevTools.jar</Path>
			<Tag>967A484D65A5FB0E1D7742E1B4915A5AC2731F9DB6AC7798114C036277D37204</Tag>
		</entry>
		<entry name="._cmsutil.jar">
			<Algid>00008021</Algid>
			<Path>./cmsutil.jar</Path>
			<Tag>D3A3B1190DCEF426D9D12259B11CF4E3D9AE3FE5D1F83FCC03049012A6C3066B</Tag>
		</entry>
		<entry name="._setup_console.sh">
			<Algid>00008021</Algid>
			<Path>./setup_console.sh</Path>
			<Tag>7498D90E6C58DF34503A84A705499142C19FBB7CB8D987CA945D6B12A0C08B4C</Tag>
		</entry>
		<entry name="._JCPControlPane.jar">
			<Algid>00008021</Algid>
			<Path>./JCPControlPane.jar</Path>
			<Tag>B2150B3ADCFBD725A455BBD8ED73F9BB2A128954CE52B4502E98B72412F519DB</Tag>
		</entry>
		<entry name="._JCPRequest.jar">
			<Algid>00008021</Algid>
			<Path>./JCPRequest.jar</Path>
			<Tag>18B32D9F0A42D4BC33F9556529DF113641E30D4DDF19109E1C7E0BE34FD29A7E</Tag>
		</entry>
		<entry name="._Doc_LicenseLoader.pdf">
			<Algid>00008021</Algid>
			<Path>./Doc/LicenseLoader.pdf</Path>
			<Tag>B418BD668EA299CD8B511C352226F3C5824E1F86EF71C9D8498B6DA9292AB67C</Tag>
		</entry>
		<entry name="._Doc_ЖТЯИ.00091-01-JCP_ЖТЯИ.00091-01 94 01. Описание реализации.pdf">
			<Algid>00008021</Algid>
			<Path>./Doc/ЖТЯИ.00091-01-JCP/ЖТЯИ.00091-01 94 01. Описание реализации.pdf</Path>
			<Tag>A9195AB57D8FF09BE2A2C0D5958CBF24F43E3B02F9557A3510622B40867D50B9</Tag>
		</entry>
		<entry name="._Doc_ЖТЯИ.00091-01-JCP_ЖТЯИ.00091-01 91 02. Инструкция по использованию (JTLS).pdf">
			<Algid>00008021</Algid>
			<Path>./Doc/ЖТЯИ.00091-01-JCP/ЖТЯИ.00091-01 91 02. Инструкция по использованию (JTLS).pdf</Path>
			<Tag>D229209B98F21F8E3FCC048E64B1F5484CC5727C4F71F0608E22FEDD067D679C</Tag>
		</entry>
		<entry name="._Doc_ЖТЯИ.00091-01-JCP_ЖТЯИ.00091-01 33 01. Руководство программиста.pdf">
			<Algid>00008021</Algid>
			<Path>./Doc/ЖТЯИ.00091-01-JCP/ЖТЯИ.00091-01 33 01. Руководство программиста.pdf</Path>
			<Tag>7108AC26BE4A45376F2205BFDFBA437EB6ABC5C9DE016E582D9E4AD990590FC4</Tag>
		</entry>
		<entry name="._Doc_ЖТЯИ.00091-01-JCP_ЖТЯИ.00091-01 33 02. Руководство программиста (модули шифрования).pdf">
			<Algid>00008021</Algid>
			<Path>./Doc/ЖТЯИ.00091-01-JCP/ЖТЯИ.00091-01 33 02. Руководство программиста (модули шифрования).pdf</Path>
			<Tag>41CA5D8E55AB3A4F09F448129C381FD3885382C14EFAD523E16A7541B313B78F</Tag>
		</entry>
		<entry name="._Doc_ЖТЯИ.00091-01-JCP_ЖТЯИ.00091-01 92 01. Правила пользования.pdf">
			<Algid>00008021</Algid>
			<Path>./Doc/ЖТЯИ.00091-01-JCP/ЖТЯИ.00091-01 92 01. Правила пользования.pdf</Path>
			<Tag>D1E2EA032BD592C2E4BA3E7B7BF8944FD59B683100A73E365E939D89D79A9FFC</Tag>
		</entry>
		<entry name="._Doc_ЖТЯИ.00091-01-JCP_ЖТЯИ.00091-01 33 03. Руководство программиста (JTLS).pdf">
			<Algid>00008021</Algid>
			<Path>./Doc/ЖТЯИ.00091-01-JCP/ЖТЯИ.00091-01 33 03. Руководство программиста (JTLS).pdf</Path>
			<Tag>436EE918805C5A842B1AD513A272FEE6A9BCDB592C4558A6F8349FE8BC92F848</Tag>
		</entry>
		<entry name="._Doc_ЖТЯИ.00091-01-JCP_ЖТЯИ.00091-01 90 01. Руководство администратора безопасности.pdf">
			<Algid>00008021</Algid>
			<Path>./Doc/ЖТЯИ.00091-01-JCP/ЖТЯИ.00091-01 90 01. Руководство администратора безопасности.pdf</Path>
			<Tag>B01E6B26C2161405D105F6D41966E712A7CCE6948624EACCBED37A7019A1CBC8</Tag>
		</entry>
		<entry name="._Doc_ЖТЯИ.00091-01-JCP_ЖТЯИ.00091-01 91 01. Инструкция по использованию.pdf">
			<Algid>00008021</Algid>
			<Path>./Doc/ЖТЯИ.00091-01-JCP/ЖТЯИ.00091-01 91 01. Инструкция по использованию.pdf</Path>
			<Tag>A4B899DA5DFB22B8FA4195165FD4F7AEA0757CFC5956182930E02ABF3806ADCD</Tag>
		</entry>
		<entry name="._Doc_Formular.pdf">
			<Algid>00008021</Algid>
			<Path>./Doc/Formular.pdf</Path>
			<Tag>206EF357C0121163BA068B8F53645CD48CBC54ED5EE1D0D8DE4EA3594EEAFE0E</Tag>
		</entry>
		<entry name="._Doc_itextpdf_5.5.5_itextpdf_patched-5.5.5.jar">
			<Algid>00008021</Algid>
			<Path>./Doc/itextpdf/5.5.5/itextpdf_patched-5.5.5.jar</Path>
			<Tag>FDED29FB7BAD26D7D62CF779C095C7052C6CE36D3B39ECD4971CE27882C1520B</Tag>
		</entry>
		<entry name="._Doc_itextpdf_5.1.3_itextpdf_patched-5.1.3.jar">
			<Algid>00008021</Algid>
			<Path>./Doc/itextpdf/5.1.3/itextpdf_patched-5.1.3.jar</Path>
			<Tag>4ED0FB569BA08D2908C497C0A428439BC0D8882C7B0D77A40FED8DA859D34AFD</Tag>
		</entry>
		<entry name="._JCryptoP.jar">
			<Algid>00008021</Algid>
			<Path>./JCryptoP.jar</Path>
			<Tag>666D15AB55DF8059B578A40F528CE1F5347124CB31AF696056D76BE70C82F5B2</Tag>
		</entry>
		<entry name="._JCPxml.jar">
			<Algid>00008021</Algid>
			<Path>./JCPxml.jar</Path>
			<Tag>07CFAFC001E676F10DD4D87F6169632A2264585D73D1475EC1632639D2F06975</Tag>
		</entry>
		<entry name="._J6Oscar.jar">
			<Algid>00008021</Algid>
			<Path>./J6Oscar.jar</Path>
			<Tag>18810F08A8A6C2E38070BA6D83E18018BBA9B8C2E869C7C18ECE9CB12CC80981</Tag>
		</entry>
		<entry name="._setup_gui.sh">
			<Algid>00008021</Algid>
			<Path>./setup_gui.sh</Path>
			<Tag>A8867F4CB12B3935E3CB7DD7140A63EF7D9AD6D376B4BDB1B202DD61FB3AB76A</Tag>
		</entry>
		<entry name="._forms_rt.jar">
			<Algid>00008021</Algid>
			<Path>./forms_rt.jar</Path>
			<Tag>C3E0AFFE1B7C044E1626AF4470132F586AB5F876E53193F2263146ABEF81BCAE</Tag>
		</entry>
		<entry name="._ControlPane.sh">
			<Algid>00008021</Algid>
			<Path>./ControlPane.sh</Path>
			<Tag>E35E3DCA38F6B686805D67894504355986E5903970CFE01EC75C78F496F99F4F</Tag>
		</entry>
		<entry name="._JCPRevCheck.jar">
			<Algid>00008021</Algid>
			<Path>./JCPRevCheck.jar</Path>
			<Tag>014B60D327F830381C7EF0EC7CB3C300C68477C4ABF4C5C5614E163F7AA2F550</Tag>
		</entry>
		<entry name="._asn1rt.jar">
			<Algid>00008021</Algid>
			<Path>./asn1rt.jar</Path>
			<Tag>E49E805894905A47EE342A52605BDB18F19CA243EA620829828AC1CA4B2B6F51</Tag>
		</entry>
		<entry name="._CAdES.jar">
			<Algid>00008021</Algid>
			<Path>./CAdES.jar</Path>
			<Tag>9EBA513EBD831A5ABE9FDFD8A3850EADD25CC06397CBF67EF37CD8B1B6E86F11</Tag>
		</entry>
		<entry name="._ControlPane.bat">
			<Algid>00008021</Algid>
			<Path>./ControlPane.bat</Path>
			<Tag>EA1DAF6D2D8B0D791099BC900193E76BD9ACE28F27D5813C97825FDB3BDA5495</Tag>
		</entry>
		<entry name="._cpverify.exe">
			<Algid>00008021</Algid>
			<Path>./cpverify.exe</Path>
			<Tag>30AA2260226F3DD3AD6926DDAA3D1C153FE90E0EBDE9FC1078D6DA8DBD9F88BC</Tag>
		</entry>
		<entry name="._XAdES.jar">
			<Algid>00008021</Algid>
			<Path>./XAdES.jar</Path>
			<Tag>5F6675032EDC0A54BB9608C5E9359B07D6C87171B6F0F1B0B58C01EE5BEC73DA</Tag>
		</entry>
		<entry name="._ASN1P.jar">
			<Algid>00008021</Algid>
			<Path>./ASN1P.jar</Path>
			<Tag>022608BC729511C3DF71970BA3DA0A6C8BF3128B431DCC913BE6C81F893C315D</Tag>
		</entry>
	</catalog>
</CProIntegrity>